source_type,legacy_url,legacy_path,lastmod,suggested_new_path,mapping_status,source_sitemap
wp-sitemap-posts-news-1,http://www.intcoframing-us.com/news/28-original-frame-ideas-to-enhance-the-artistry-of-your-space/,/news/28-original-frame-ideas-to-enhance-the-artistry-of-your-space/,2025-02-07T17:05:57+08:00,/news/28-original-frame-ideas-to-enhance-the-artistry-of-your-space,unreviewed,https://www.intcoframing-us.com/wp-sitemap-posts-news-1.xml
wp-sitemap-posts-news-1,http://www.intcoframing-us.com/news/4-reasons-to-integrate-a-blackboard-into-your-home-decor/,/news/4-reasons-to-integrate-a-blackboard-into-your-home-decor/,2024-08-30T17:34:04+08:00,/news/4-reasons-to-integrate-a-blackboard-into-your-home-decor,unreviewed,https://www.intcoframing-us.com/wp-sitemap-posts-news-1.xml
wp-sitemap-posts-news-1,http://www.intcoframing-us.com/news/5-ways-an-led-bathroom-vanity-mirror-can-lmprove-your-space/,/news/5-ways-an-led-bathroom-vanity-mirror-can-lmprove-your-space/,2024-02-19T19:46:36+08:00,/news/5-ways-an-led-bathroom-vanity-mirror-can-lmprove-your-space,unreviewed,https://www.intcoframing-us.com/wp-sitemap-posts-news-1.xml
wp-sitemap-posts-news-1,http://www.intcoframing-us.com/news/6-types-of-picture-frame-how-to-choose-the-perfect-one-for-you/,/news/6-types-of-picture-frame-how-to-choose-the-perfect-one-for-you/,2024-08-16T15:55:02+08:00,/news/6-types-of-picture-frame-how-to-choose-the-perfect-one-for-you,unreviewed,https://www.intcoframing-us.com/wp-sitemap-posts-news-1.xml
wp-sitemap-posts-news-1,http://www.intcoframing-us.com/news/a-diy-guide-to-creating-a-gallery-wall-with-your-favorite-photos/,/news/a-diy-guide-to-creating-a-gallery-wall-with-your-favorite-photos/,2025-01-23T18:35:32+08:00,/news/a-diy-guide-to-creating-a-gallery-wall-with-your-favorite-photos,unreviewed,https://www.intcoframing-us.com/wp-sitemap-posts-news-1.xml
wp-sitemap-posts-news-1,http://www.intcoframing-us.com/news/affordable-wall-art-decorating-your-home-without-breaking-the-bank/,/news/affordable-wall-art-decorating-your-home-without-breaking-the-bank/,2025-03-04T09:52:04+08:00,/news/affordable-wall-art-decorating-your-home-without-breaking-the-bank,unreviewed,https://www.intcoframing-us.com/wp-sitemap-posts-news-1.xml
wp-sitemap-posts-news-1,http://www.intcoframing-us.com/news/beyond-the-ordinary-elevate-your-picture-framing-with-unique-touches/,/news/beyond-the-ordinary-elevate-your-picture-framing-with-unique-touches/,2024-12-23T11:15:07+08:00,/news/beyond-the-ordinary-elevate-your-picture-framing-with-unique-touches,unreviewed,https://www.intcoframing-us.com/wp-sitemap-posts-news-1.xml
wp-sitemap-posts-news-1,http://www.intcoframing-us.com/news/brighten-up-your-bathroom-elegance-with-safe-durable-and-energy-efficient-led-mirrors/,/news/brighten-up-your-bathroom-elegance-with-safe-durable-and-energy-efficient-led-mirrors/,2024-12-23T11:08:08+08:00,/news/brighten-up-your-bathroom-elegance-with-safe-durable-and-energy-efficient-led-mirrors,unreviewed,https://www.intcoframing-us.com/wp-sitemap-posts-news-1.xml
wp-sitemap-posts-news-1,http://www.intcoframing-us.com/news/bulk-picture-frame-orders-for-wholesale-buyers-a-complete-guide/,/news/bulk-picture-frame-orders-for-wholesale-buyers-a-complete-guide/,2024-12-03T12:26:35+08:00,/news/bulk-picture-frame-orders-for-wholesale-buyers-a-complete-guide,unreviewed,https://www.intcoframing-us.com/wp-sitemap-posts-news-1.xml
wp-sitemap-posts-news-1,http://www.intcoframing-us.com/news/canvas-art-a-perfect-addition-to-your-home-decor/,/news/canvas-art-a-perfect-addition-to-your-home-decor/,2025-09-09T15:24:11+08:00,/news/canvas-art-a-perfect-addition-to-your-home-decor,unreviewed,https://www.intcoframing-us.com/wp-sitemap-posts-news-1.xml
wp-sitemap-posts-news-1,http://www.intcoframing-us.com/news/choosing-the-right-led-mirror-a-comprehensive-guide/,/news/choosing-the-right-led-mirror-a-comprehensive-guide/,2024-07-08T15:53:26+08:00,/news/choosing-the-right-led-mirror-a-comprehensive-guide,unreviewed,https://www.intcoframing-us.com/wp-sitemap-posts-news-1.xml
wp-sitemap-posts-news-1,http://www.intcoframing-us.com/news/creative-gallery-wall-ideas-transform-your-walls-with-frames-art-and-memo-boards/,/news/creative-gallery-wall-ideas-transform-your-walls-with-frames-art-and-memo-boards/,2025-09-04T15:13:22+08:00,/news/creative-gallery-wall-ideas-transform-your-walls-with-frames-art-and-memo-boards,unreviewed,https://www.intcoframing-us.com/wp-sitemap-posts-news-1.xml
wp-sitemap-posts-news-1,http://www.intcoframing-us.com/news/custom-frames-diverse-materials-and-styles-for-varied-decor-needs/,/news/custom-frames-diverse-materials-and-styles-for-varied-decor-needs/,2025-02-19T10:58:21+08:00,/news/custom-frames-diverse-materials-and-styles-for-varied-decor-needs,unreviewed,https://www.intcoframing-us.com/wp-sitemap-posts-news-1.xml
wp-sitemap-posts-news-1,http://www.intcoframing-us.com/news/discover-advanced-storage-solutions-for-a-modern-medicine-cabinet/,/news/discover-advanced-storage-solutions-for-a-modern-medicine-cabinet/,2024-07-04T14:27:22+08:00,/news/discover-advanced-storage-solutions-for-a-modern-medicine-cabinet,unreviewed,https://www.intcoframing-us.com/wp-sitemap-posts-news-1.xml
wp-sitemap-posts-news-1,http://www.intcoframing-us.com/news/discover-the-charm-how-led-mirrors-enhance-your-home-decor/,/news/discover-the-charm-how-led-mirrors-enhance-your-home-decor/,2024-07-04T14:31:43+08:00,/news/discover-the-charm-how-led-mirrors-enhance-your-home-decor,unreviewed,https://www.intcoframing-us.com/wp-sitemap-posts-news-1.xml
wp-sitemap-posts-news-1,http://www.intcoframing-us.com/news/discover-the-latest-trends-in-vanity-mirrors/,/news/discover-the-latest-trends-in-vanity-mirrors/,2024-07-04T14:34:28+08:00,/news/discover-the-latest-trends-in-vanity-mirrors,unreviewed,https://www.intcoframing-us.com/wp-sitemap-posts-news-1.xml
wp-sitemap-posts-news-1,http://www.intcoframing-us.com/news/dry-erase-board-checklist-essential-tips-for-efficient-planning/,/news/dry-erase-board-checklist-essential-tips-for-efficient-planning/,2024-07-18T15:16:59+08:00,/news/dry-erase-board-checklist-essential-tips-for-efficient-planning,unreviewed,https://www.intcoframing-us.com/wp-sitemap-posts-news-1.xml
wp-sitemap-posts-news-1,http://www.intcoframing-us.com/news/durability-insights-are-wood-document-frames-a-worthy-choice/,/news/durability-insights-are-wood-document-frames-a-worthy-choice/,2024-12-31T17:53:00+08:00,/news/durability-insights-are-wood-document-frames-a-worthy-choice,unreviewed,https://www.intcoframing-us.com/wp-sitemap-posts-news-1.xml
wp-sitemap-posts-news-1,http://www.intcoframing-us.com/news/easy-wall-frame-ideas-to-instantly-elevate-your-home-decor/,/news/easy-wall-frame-ideas-to-instantly-elevate-your-home-decor/,2024-07-18T15:16:45+08:00,/news/easy-wall-frame-ideas-to-instantly-elevate-your-home-decor,unreviewed,https://www.intcoframing-us.com/wp-sitemap-posts-news-1.xml
wp-sitemap-posts-news-1,http://www.intcoframing-us.com/news/effective-picture-frame-placement-tips-to-enhance-your-rooms-aesthetic/,/news/effective-picture-frame-placement-tips-to-enhance-your-rooms-aesthetic/,2024-07-04T14:53:45+08:00,/news/effective-picture-frame-placement-tips-to-enhance-your-rooms-aesthetic,unreviewed,https://www.intcoframing-us.com/wp-sitemap-posts-news-1.xml
wp-sitemap-posts-news-1,http://www.intcoframing-us.com/news/elevate-your-living-room-wall-artwork-ideas-for-experts/,/news/elevate-your-living-room-wall-artwork-ideas-for-experts/,2024-12-31T17:39:41+08:00,/news/elevate-your-living-room-wall-artwork-ideas-for-experts,unreviewed,https://www.intcoframing-us.com/wp-sitemap-posts-news-1.xml
wp-sitemap-posts-news-1,http://www.intcoframing-us.com/news/essential-maintenance-tips-for-plastic-picture-frames-longevity/,/news/essential-maintenance-tips-for-plastic-picture-frames-longevity/,2024-10-14T14:25:04+08:00,/news/essential-maintenance-tips-for-plastic-picture-frames-longevity,unreviewed,https://www.intcoframing-us.com/wp-sitemap-posts-news-1.xml
wp-sitemap-posts-news-1,http://www.intcoframing-us.com/news/everything-you-need-to-know-about-high-quality-photo-frames-and-home-decor-solutions/,/news/everything-you-need-to-know-about-high-quality-photo-frames-and-home-decor-solutions/,2025-02-12T17:29:20+08:00,/news/everything-you-need-to-know-about-high-quality-photo-frames-and-home-decor-solutions,unreviewed,https://www.intcoframing-us.com/wp-sitemap-posts-news-1.xml
wp-sitemap-posts-news-1,http://www.intcoframing-us.com/news/exploring-the-appeal-of-plastic-picture-frames/,/news/exploring-the-appeal-of-plastic-picture-frames/,2024-09-23T17:47:58+08:00,/news/exploring-the-appeal-of-plastic-picture-frames,unreviewed,https://www.intcoframing-us.com/wp-sitemap-posts-news-1.xml
wp-sitemap-posts-news-1,http://www.intcoframing-us.com/news/exquisite-and-eco-friendly-shadow-box-art-display-innovations/,/news/exquisite-and-eco-friendly-shadow-box-art-display-innovations/,2024-09-11T14:05:34+08:00,/news/exquisite-and-eco-friendly-shadow-box-art-display-innovations,unreviewed,https://www.intcoframing-us.com/wp-sitemap-posts-news-1.xml
wp-sitemap-posts-news-1,http://www.intcoframing-us.com/news/framed-vs-frameless-mirrors-choosing-the-perfect-option-for-your-space/,/news/framed-vs-frameless-mirrors-choosing-the-perfect-option-for-your-space/,2024-03-16T13:20:43+08:00,/news/framed-vs-frameless-mirrors-choosing-the-perfect-option-for-your-space,unreviewed,https://www.intcoframing-us.com/wp-sitemap-posts-news-1.xml
wp-sitemap-posts-news-1,http://www.intcoframing-us.com/news/framing-the-future-a-comprehensive-guide-to-a-paper-sizes/,/news/framing-the-future-a-comprehensive-guide-to-a-paper-sizes/,2024-11-19T17:52:23+08:00,/news/framing-the-future-a-comprehensive-guide-to-a-paper-sizes,unreviewed,https://www.intcoframing-us.com/wp-sitemap-posts-news-1.xml
wp-sitemap-posts-news-1,http://www.intcoframing-us.com/news/functional-decor-incorporating-memo-boards-into-your-home-office/,/news/functional-decor-incorporating-memo-boards-into-your-home-office/,2025-04-14T17:44:54+08:00,/news/functional-decor-incorporating-memo-boards-into-your-home-office,unreviewed,https://www.intcoframing-us.com/wp-sitemap-posts-news-1.xml
wp-sitemap-posts-news-1,http://www.intcoframing-us.com/news/guide-to-bedroom-decor-enhancing-with-mirror-placement/,/news/guide-to-bedroom-decor-enhancing-with-mirror-placement/,2024-07-29T09:41:46+08:00,/news/guide-to-bedroom-decor-enhancing-with-mirror-placement,unreviewed,https://www.intcoframing-us.com/wp-sitemap-posts-news-1.xml
wp-sitemap-posts-news-1,http://www.intcoframing-us.com/news/how-a-led-makeup-mirror-can-transform-your-beauty-routine/,/news/how-a-led-makeup-mirror-can-transform-your-beauty-routine/,2024-07-04T14:25:35+08:00,/news/how-a-led-makeup-mirror-can-transform-your-beauty-routine,unreviewed,https://www.intcoframing-us.com/wp-sitemap-posts-news-1.xml
wp-sitemap-posts-news-1,http://www.intcoframing-us.com/news/how-a-shadow-box-enhances-art-presentation-and-protection/,/news/how-a-shadow-box-enhances-art-presentation-and-protection/,2024-07-29T09:52:36+08:00,/news/how-a-shadow-box-enhances-art-presentation-and-protection,unreviewed,https://www.intcoframing-us.com/wp-sitemap-posts-news-1.xml
wp-sitemap-posts-news-1,http://www.intcoframing-us.com/news/how-an-led-mirror-can-elevate-your-bathroom-aesthetics/,/news/how-an-led-mirror-can-elevate-your-bathroom-aesthetics/,2024-08-16T16:00:42+08:00,/news/how-an-led-mirror-can-elevate-your-bathroom-aesthetics,unreviewed,https://www.intcoframing-us.com/wp-sitemap-posts-news-1.xml
wp-sitemap-posts-news-1,http://www.intcoframing-us.com/news/how-does-a-magnetic-memo-board-enhance-your-workspace-efficiency/,/news/how-does-a-magnetic-memo-board-enhance-your-workspace-efficiency/,2024-09-29T16:47:27+08:00,/news/how-does-a-magnetic-memo-board-enhance-your-workspace-efficiency,unreviewed,https://www.intcoframing-us.com/wp-sitemap-posts-news-1.xml
wp-sitemap-posts-news-1,http://www.intcoframing-us.com/news/how-framed-mirrors-in-bedrooms-affect-your-mood-and-well-being/,/news/how-framed-mirrors-in-bedrooms-affect-your-mood-and-well-being/,2024-10-22T14:11:31+08:00,/news/how-framed-mirrors-in-bedrooms-affect-your-mood-and-well-being,unreviewed,https://www.intcoframing-us.com/wp-sitemap-posts-news-1.xml
wp-sitemap-posts-news-1,http://www.intcoframing-us.com/news/how-mirror-thickness-impacts-bedroom-visual-appeal/,/news/how-mirror-thickness-impacts-bedroom-visual-appeal/,2024-09-24T16:23:17+08:00,/news/how-mirror-thickness-impacts-bedroom-visual-appeal,unreviewed,https://www.intcoframing-us.com/wp-sitemap-posts-news-1.xml
wp-sitemap-posts-news-1,http://www.intcoframing-us.com/news/how-painting-on-landscape-creates-timeless-home-decor/,/news/how-painting-on-landscape-creates-timeless-home-decor/,2024-08-23T16:03:52+08:00,/news/how-painting-on-landscape-creates-timeless-home-decor,unreviewed,https://www.intcoframing-us.com/wp-sitemap-posts-news-1.xml
wp-sitemap-posts-news-1,http://www.intcoframing-us.com/news/how-to-choose-the-right-mirror-cabinet-for-your-bathroom/,/news/how-to-choose-the-right-mirror-cabinet-for-your-bathroom/,2024-02-27T10:13:17+08:00,/news/how-to-choose-the-right-mirror-cabinet-for-your-bathroom,unreviewed,https://www.intcoframing-us.com/wp-sitemap-posts-news-1.xml
wp-sitemap-posts-news-1,http://www.intcoframing-us.com/news/how-to-choose-the-right-picture-frame-materials-for-your-home/,/news/how-to-choose-the-right-picture-frame-materials-for-your-home/,2025-03-05T10:50:05+08:00,/news/how-to-choose-the-right-picture-frame-materials-for-your-home,unreviewed,https://www.intcoframing-us.com/wp-sitemap-posts-news-1.xml
wp-sitemap-posts-news-1,http://www.intcoframing-us.com/news/how-to-position-bedroom-mirrors-for-optimal-natural-lighting/,/news/how-to-position-bedroom-mirrors-for-optimal-natural-lighting/,2024-10-15T13:44:44+08:00,/news/how-to-position-bedroom-mirrors-for-optimal-natural-lighting,unreviewed,https://www.intcoframing-us.com/wp-sitemap-posts-news-1.xml
wp-sitemap-posts-news-1,http://www.intcoframing-us.com/news/how-to-select-eco-friendly-materials-for-your-next-vanity/,/news/how-to-select-eco-friendly-materials-for-your-next-vanity/,2024-09-14T19:21:43+08:00,/news/how-to-select-eco-friendly-materials-for-your-next-vanity,unreviewed,https://www.intcoframing-us.com/wp-sitemap-posts-news-1.xml
wp-sitemap-posts-news-1,http://www.intcoframing-us.com/news/how-to-use-a-wall-mirror-expert-tips-for-stylish-interiors/,/news/how-to-use-a-wall-mirror-expert-tips-for-stylish-interiors/,2024-07-23T11:25:07+08:00,/news/how-to-use-a-wall-mirror-expert-tips-for-stylish-interiors,unreviewed,https://www.intcoframing-us.com/wp-sitemap-posts-news-1.xml
wp-sitemap-posts-news-1,http://www.intcoframing-us.com/news/intco-framing-will-be-participating-in-the-135th-canton-fair/,/news/intco-framing-will-be-participating-in-the-135th-canton-fair/,2024-04-10T14:04:26+08:00,/news/intco-framing-will-be-participating-in-the-135th-canton-fair,unreviewed,https://www.intcoframing-us.com/wp-sitemap-posts-news-1.xml
wp-sitemap-posts-news-1,http://www.intcoframing-us.com/news/interior-deco-market-outlook-2025-key-trends-and-challenges/,/news/interior-deco-market-outlook-2025-key-trends-and-challenges/,2025-03-28T17:43:13+08:00,/news/interior-deco-market-outlook-2025-key-trends-and-challenges,unreviewed,https://www.intcoframing-us.com/wp-sitemap-posts-news-1.xml
wp-sitemap-posts-news-1,http://www.intcoframing-us.com/news/maintaining-artwork-quality-the-role-of-plastic-picture-frames/,/news/maintaining-artwork-quality-the-role-of-plastic-picture-frames/,2024-08-06T11:59:15+08:00,/news/maintaining-artwork-quality-the-role-of-plastic-picture-frames,unreviewed,https://www.intcoframing-us.com/wp-sitemap-posts-news-1.xml
wp-sitemap-posts-news-1,http://www.intcoframing-us.com/news/mirror-customization-the-importance-of-excellent-customer-service/,/news/mirror-customization-the-importance-of-excellent-customer-service/,2024-08-08T17:16:59+08:00,/news/mirror-customization-the-importance-of-excellent-customer-service,unreviewed,https://www.intcoframing-us.com/wp-sitemap-posts-news-1.xml
wp-sitemap-posts-news-1,http://www.intcoframing-us.com/news/modern-rustic-classic-the-custom-framing-guide-every-home-needs/,/news/modern-rustic-classic-the-custom-framing-guide-every-home-needs/,2025-08-09T16:50:46+08:00,/news/modern-rustic-classic-the-custom-framing-guide-every-home-needs,unreviewed,https://www.intcoframing-us.com/wp-sitemap-posts-news-1.xml
wp-sitemap-posts-news-1,http://www.intcoframing-us.com/news/picture-frames-evaluating-plastic-and-metal-options/,/news/picture-frames-evaluating-plastic-and-metal-options/,2024-08-30T17:39:22+08:00,/news/picture-frames-evaluating-plastic-and-metal-options,unreviewed,https://www.intcoframing-us.com/wp-sitemap-posts-news-1.xml
wp-sitemap-posts-news-1,http://www.intcoframing-us.com/news/picture-framing-a-trend-for-the-art-of-preservation-in-2025/,/news/picture-framing-a-trend-for-the-art-of-preservation-in-2025/,2025-01-22T13:47:42+08:00,/news/picture-framing-a-trend-for-the-art-of-preservation-in-2025,unreviewed,https://www.intcoframing-us.com/wp-sitemap-posts-news-1.xml
wp-sitemap-posts-news-1,http://www.intcoframing-us.com/news/poster-frames-vs-picture-frames-understanding-the-difference/,/news/poster-frames-vs-picture-frames-understanding-the-difference/,2024-12-31T18:14:29+08:00,/news/poster-frames-vs-picture-frames-understanding-the-difference,unreviewed,https://www.intcoframing-us.com/wp-sitemap-posts-news-1.xml
wp-sitemap-posts-news-1,http://www.intcoframing-us.com/news/practical-ways-a-cork-board-can-enhance-your-home/,/news/practical-ways-a-cork-board-can-enhance-your-home/,2024-08-23T16:01:46+08:00,/news/practical-ways-a-cork-board-can-enhance-your-home,unreviewed,https://www.intcoframing-us.com/wp-sitemap-posts-news-1.xml
wp-sitemap-posts-news-1,http://www.intcoframing-us.com/news/shadow-box-art-elevating-modern-wall-decor-with-sophisticated-layers/,/news/shadow-box-art-elevating-modern-wall-decor-with-sophisticated-layers/,2024-12-31T17:09:26+08:00,/news/shadow-box-art-elevating-modern-wall-decor-with-sophisticated-layers,unreviewed,https://www.intcoframing-us.com/wp-sitemap-posts-news-1.xml
wp-sitemap-posts-news-1,http://www.intcoframing-us.com/news/space-saving-furniture-ideas-for-small-apartments/,/news/space-saving-furniture-ideas-for-small-apartments/,2025-03-12T15:11:48+08:00,/news/space-saving-furniture-ideas-for-small-apartments,unreviewed,https://www.intcoframing-us.com/wp-sitemap-posts-news-1.xml
wp-sitemap-posts-news-1,http://www.intcoframing-us.com/news/styling-floating-shelves-10-innovative-ideas-for-your-living-room/,/news/styling-floating-shelves-10-innovative-ideas-for-your-living-room/,2024-11-05T17:53:10+08:00,/news/styling-floating-shelves-10-innovative-ideas-for-your-living-room,unreviewed,https://www.intcoframing-us.com/wp-sitemap-posts-news-1.xml
wp-sitemap-posts-news-1,http://www.intcoframing-us.com/news/sustainable-framing-eco-friendly-wholesale-picture-frame-options/,/news/sustainable-framing-eco-friendly-wholesale-picture-frame-options/,2025-01-13T14:07:25+08:00,/news/sustainable-framing-eco-friendly-wholesale-picture-frame-options,unreviewed,https://www.intcoframing-us.com/wp-sitemap-posts-news-1.xml
wp-sitemap-posts-news-1,http://www.intcoframing-us.com/news/sustainable-furniture-choices-eco-friendly-options-for-the-modern-home/,/news/sustainable-furniture-choices-eco-friendly-options-for-the-modern-home/,2025-04-22T10:29:01+08:00,/news/sustainable-furniture-choices-eco-friendly-options-for-the-modern-home,unreviewed,https://www.intcoframing-us.com/wp-sitemap-posts-news-1.xml
wp-sitemap-posts-news-1,http://www.intcoframing-us.com/news/the-2023-bloomberg-green-esg-50-companies-to-watch-list-is-officially-released/,/news/the-2023-bloomberg-green-esg-50-companies-to-watch-list-is-officially-released/,2024-02-19T19:04:18+08:00,/news/the-2023-bloomberg-green-esg-50-companies-to-watch-list-is-officially-released,unreviewed,https://www.intcoframing-us.com/wp-sitemap-posts-news-1.xml
wp-sitemap-posts-news-1,http://www.intcoframing-us.com/news/the-art-of-framing-enhancing-your-artwork-with-unique-picture-frames/,/news/the-art-of-framing-enhancing-your-artwork-with-unique-picture-frames/,2025-04-08T09:41:47+08:00,/news/the-art-of-framing-enhancing-your-artwork-with-unique-picture-frames,unreviewed,https://www.intcoframing-us.com/wp-sitemap-posts-news-1.xml
wp-sitemap-posts-news-1,http://www.intcoframing-us.com/news/the-clear-difference-picture-frame-vs-photo-frame-explained/,/news/the-clear-difference-picture-frame-vs-photo-frame-explained/,2024-07-04T14:33:22+08:00,/news/the-clear-difference-picture-frame-vs-photo-frame-explained,unreviewed,https://www.intcoframing-us.com/wp-sitemap-posts-news-1.xml
wp-sitemap-posts-news-1,http://www.intcoframing-us.com/news/the-fascinating-process-behind-canvas-wall-art-creation/,/news/the-fascinating-process-behind-canvas-wall-art-creation/,2024-10-09T10:59:09+08:00,/news/the-fascinating-process-behind-canvas-wall-art-creation,unreviewed,https://www.intcoframing-us.com/wp-sitemap-posts-news-1.xml
wp-sitemap-posts-news-1,http://www.intcoframing-us.com/news/the-major-materials-of-medicine-mirror-cabinet/,/news/the-major-materials-of-medicine-mirror-cabinet/,2024-02-19T19:40:50+08:00,/news/the-major-materials-of-medicine-mirror-cabinet,unreviewed,https://www.intcoframing-us.com/wp-sitemap-posts-news-1.xml
wp-sitemap-posts-news-1,http://www.intcoframing-us.com/news/the-role-of-mirrors-in-feng-shui-balancing-energy-in-your-home/,/news/the-role-of-mirrors-in-feng-shui-balancing-energy-in-your-home/,2025-03-19T10:40:11+08:00,/news/the-role-of-mirrors-in-feng-shui-balancing-energy-in-your-home,unreviewed,https://www.intcoframing-us.com/wp-sitemap-posts-news-1.xml
wp-sitemap-posts-news-1,http://www.intcoframing-us.com/news/tips-for-installing-picture-frames-in-your-home/,/news/tips-for-installing-picture-frames-in-your-home/,2025-03-31T11:11:22+08:00,/news/tips-for-installing-picture-frames-in-your-home,unreviewed,https://www.intcoframing-us.com/wp-sitemap-posts-news-1.xml
wp-sitemap-posts-news-1,http://www.intcoframing-us.com/news/top-4-vanity-mirror-features-you-should-consider/,/news/top-4-vanity-mirror-features-you-should-consider/,2024-07-08T15:38:03+08:00,/news/top-4-vanity-mirror-features-you-should-consider,unreviewed,https://www.intcoframing-us.com/wp-sitemap-posts-news-1.xml
wp-sitemap-posts-news-1,http://www.intcoframing-us.com/news/top-frame-design-trends-in-2025-for-interiors-and-art-galleries/,/news/top-frame-design-trends-in-2025-for-interiors-and-art-galleries/,2025-09-12T14:07:15+08:00,/news/top-frame-design-trends-in-2025-for-interiors-and-art-galleries,unreviewed,https://www.intcoframing-us.com/wp-sitemap-posts-news-1.xml
wp-sitemap-posts-news-1,http://www.intcoframing-us.com/news/top-led-mirror-misconceptions-separating-fact-from-fiction/,/news/top-led-mirror-misconceptions-separating-fact-from-fiction/,2024-12-31T17:34:16+08:00,/news/top-led-mirror-misconceptions-separating-fact-from-fiction,unreviewed,https://www.intcoframing-us.com/wp-sitemap-posts-news-1.xml
wp-sitemap-posts-news-1,http://www.intcoframing-us.com/news/top-trends-in-vanity-mirrors-elevate-your-space/,/news/top-trends-in-vanity-mirrors-elevate-your-space/,2024-09-11T14:10:00+08:00,/news/top-trends-in-vanity-mirrors-elevate-your-space,unreviewed,https://www.intcoframing-us.com/wp-sitemap-posts-news-1.xml
wp-sitemap-posts-news-1,http://www.intcoframing-us.com/news/transform-any-room-with-creative-framed-wood-wall-decor/,/news/transform-any-room-with-creative-framed-wood-wall-decor/,2024-09-30T16:55:18+08:00,/news/transform-any-room-with-creative-framed-wood-wall-decor,unreviewed,https://www.intcoframing-us.com/wp-sitemap-posts-news-1.xml
wp-sitemap-posts-news-1,http://www.intcoframing-us.com/news/transform-your-space-the-benefits-of-a-chalkboard-at-home/,/news/transform-your-space-the-benefits-of-a-chalkboard-at-home/,2024-08-02T10:08:47+08:00,/news/transform-your-space-the-benefits-of-a-chalkboard-at-home,unreviewed,https://www.intcoframing-us.com/wp-sitemap-posts-news-1.xml
wp-sitemap-posts-news-1,http://www.intcoframing-us.com/news/transform-your-workspace-cork-board-art-and-photo-ideas/,/news/transform-your-workspace-cork-board-art-and-photo-ideas/,2024-09-18T14:10:34+08:00,/news/transform-your-workspace-cork-board-art-and-photo-ideas,unreviewed,https://www.intcoframing-us.com/wp-sitemap-posts-news-1.xml
wp-sitemap-posts-news-1,http://www.intcoframing-us.com/news/update-your-interiors-with-trendy-and-affordable-wall-decor/,/news/update-your-interiors-with-trendy-and-affordable-wall-decor/,2024-07-08T16:02:24+08:00,/news/update-your-interiors-with-trendy-and-affordable-wall-decor,unreviewed,https://www.intcoframing-us.com/wp-sitemap-posts-news-1.xml
wp-sitemap-posts-news-1,http://www.intcoframing-us.com/news/vanity-mirror-trends-analyzing-modern-designs-and-features/,/news/vanity-mirror-trends-analyzing-modern-designs-and-features/,2025-01-13T14:03:40+08:00,/news/vanity-mirror-trends-analyzing-modern-designs-and-features,unreviewed,https://www.intcoframing-us.com/wp-sitemap-posts-news-1.xml
wp-sitemap-posts-news-1,http://www.intcoframing-us.com/news/visit-intco-framing-at-2024-vifa-expo/,/news/visit-intco-framing-at-2024-vifa-expo/,2024-02-27T10:12:39+08:00,/news/visit-intco-framing-at-2024-vifa-expo,unreviewed,https://www.intcoframing-us.com/wp-sitemap-posts-news-1.xml
wp-sitemap-posts-news-1,http://www.intcoframing-us.com/news/wall-artwork-can-speak/,/news/wall-artwork-can-speak/,2024-08-08T17:24:48+08:00,/news/wall-artwork-can-speak,unreviewed,https://www.intcoframing-us.com/wp-sitemap-posts-news-1.xml
wp-sitemap-posts-news-1,http://www.intcoframing-us.com/news/wall-frame-guide-unique-styles-to-brighten-up-your-living-space/,/news/wall-frame-guide-unique-styles-to-brighten-up-your-living-space/,2024-07-04T14:32:35+08:00,/news/wall-frame-guide-unique-styles-to-brighten-up-your-living-space,unreviewed,https://www.intcoframing-us.com/wp-sitemap-posts-news-1.xml
wp-sitemap-posts-news-1,http://www.intcoframing-us.com/news/whats-the-best-way-to-frame-black-and-white-photos/,/news/whats-the-best-way-to-frame-black-and-white-photos/,2024-12-31T19:18:25+08:00,/news/whats-the-best-way-to-frame-black-and-white-photos,unreviewed,https://www.intcoframing-us.com/wp-sitemap-posts-news-1.xml
wp-sitemap-posts-news-1,http://www.intcoframing-us.com/news/which-one-suits-your-project-a-guide-to-mirror-materials/,/news/which-one-suits-your-project-a-guide-to-mirror-materials/,2025-09-12T11:20:57+08:00,/news/which-one-suits-your-project-a-guide-to-mirror-materials,unreviewed,https://www.intcoframing-us.com/wp-sitemap-posts-news-1.xml
wp-sitemap-posts-news-1,http://www.intcoframing-us.com/news/why-canvas-wall-art-stands-out/,/news/why-canvas-wall-art-stands-out/,2024-07-22T11:10:09+08:00,/news/why-canvas-wall-art-stands-out,unreviewed,https://www.intcoframing-us.com/wp-sitemap-posts-news-1.xml
wp-sitemap-posts-news-1,http://www.intcoframing-us.com/news/why-choose-plastic-picture-frames-for-your-diy-projects/,/news/why-choose-plastic-picture-frames-for-your-diy-projects/,2024-10-29T16:29:14+08:00,/news/why-choose-plastic-picture-frames-for-your-diy-projects,unreviewed,https://www.intcoframing-us.com/wp-sitemap-posts-news-1.xml
wp-sitemap-posts-news-1,http://www.intcoframing-us.com/news/why-is-an-affordable-picture-frame-hard-to-find-unveiling-hidden-costs/,/news/why-is-an-affordable-picture-frame-hard-to-find-unveiling-hidden-costs/,2024-10-21T14:43:04+08:00,/news/why-is-an-affordable-picture-frame-hard-to-find-unveiling-hidden-costs,unreviewed,https://www.intcoframing-us.com/wp-sitemap-posts-news-1.xml
wp-sitemap-posts-news-1,http://www.intcoframing-us.com/news/your-must-knows-before-selecting-a-wholesale-mirror-supplier/,/news/your-must-knows-before-selecting-a-wholesale-mirror-supplier/,2025-01-02T16:53:23+08:00,/news/your-must-knows-before-selecting-a-wholesale-mirror-supplier,unreviewed,https://www.intcoframing-us.com/wp-sitemap-posts-news-1.xml
wp-sitemap-posts-page-1,https://www.intcoframing-us.com/,/,2025-09-23T09:12:27+08:00,/,unreviewed,https://www.intcoframing-us.com/wp-sitemap-posts-page-1.xml
wp-sitemap-posts-page-1,http://www.intcoframing-us.com/blog/,/blog/,2024-06-19T12:10:18+08:00,/blog,unreviewed,https://www.intcoframing-us.com/wp-sitemap-posts-page-1.xml
wp-sitemap-posts-page-1,http://www.intcoframing-us.com/contact/,/contact/,2025-09-22T15:20:09+08:00,/contact,unreviewed,https://www.intcoframing-us.com/wp-sitemap-posts-page-1.xml
wp-sitemap-posts-page-1,http://www.intcoframing-us.com/enquiry-list/,/enquiry-list/,2024-04-24T15:24:04+08:00,/enquiry-list,unreviewed,https://www.intcoframing-us.com/wp-sitemap-posts-page-1.xml
wp-sitemap-posts-page-1,http://www.intcoframing-us.com/picture-frame-all/,/picture-frame-all/,2024-06-19T14:21:29+08:00,/picture-frame-all,unreviewed,https://www.intcoframing-us.com/wp-sitemap-posts-page-1.xml
wp-sitemap-posts-page-1,http://www.intcoframing-us.com/products/,/products/,2024-06-19T11:36:29+08:00,/products,unreviewed,https://www.intcoframing-us.com/wp-sitemap-posts-page-1.xml
wp-sitemap-posts-page-1,http://www.intcoframing-us.com/products/art-all/,/products/art-all/,2024-06-17T10:35:57+08:00,/products/art-all,unreviewed,https://www.intcoframing-us.com/wp-sitemap-posts-page-1.xml
wp-sitemap-posts-page-1,http://www.intcoframing-us.com/products/furniture-all/,/products/furniture-all/,2024-06-17T11:03:43+08:00,/products/furniture-all,unreviewed,https://www.intcoframing-us.com/wp-sitemap-posts-page-1.xml
wp-sitemap-posts-page-1,http://www.intcoframing-us.com/products/memo-board-all/,/products/memo-board-all/,2024-06-19T11:57:16+08:00,/products/memo-board-all,unreviewed,https://www.intcoframing-us.com/wp-sitemap-posts-page-1.xml
wp-sitemap-posts-page-1,http://www.intcoframing-us.com/products/mirror-all/,/products/mirror-all/,2024-06-17T10:34:41+08:00,/products/mirror-all,unreviewed,https://www.intcoframing-us.com/wp-sitemap-posts-page-1.xml
wp-sitemap-posts-page-1,http://www.intcoframing-us.com/projects/,/projects/,2024-06-19T11:37:22+08:00,/projects,unreviewed,https://www.intcoframing-us.com/wp-sitemap-posts-page-1.xml
wp-sitemap-posts-page-1,http://www.intcoframing-us.com/sample-page/,/sample-page/,2025-10-30T19:34:35+08:00,/sample-page,unreviewed,https://www.intcoframing-us.com/wp-sitemap-posts-page-1.xml
wp-sitemap-posts-page-1,http://www.intcoframing-us.com/solutions-center/design-engineering/,/solutions-center/design-engineering/,2024-06-19T13:36:17+08:00,/solutions-center/design-engineering,unreviewed,https://www.intcoframing-us.com/wp-sitemap-posts-page-1.xml
wp-sitemap-posts-page-1,http://www.intcoframing-us.com/solutions/,/solutions/,2024-06-19T11:38:16+08:00,/solutions,unreviewed,https://www.intcoframing-us.com/wp-sitemap-posts-page-1.xml
wp-sitemap-posts-page-1,http://www.intcoframing-us.com/solutions/business-insights-trends/,/solutions/business-insights-trends/,2024-06-19T12:04:49+08:00,/solutions/business-insights-trends,unreviewed,https://www.intcoframing-us.com/wp-sitemap-posts-page-1.xml
wp-sitemap-posts-page-1,http://www.intcoframing-us.com/solutions/business-insights-trends/bestsellers/,/solutions/business-insights-trends/bestsellers/,2024-02-19T17:24:09+08:00,/solutions/business-insights-trends/bestsellers,unreviewed,https://www.intcoframing-us.com/wp-sitemap-posts-page-1.xml
wp-sitemap-posts-page-1,http://www.intcoframing-us.com/solutions/business-insights-trends/trend-2-2/,/solutions/business-insights-trends/trend-2-2/,2024-02-20T09:32:02+08:00,/solutions/business-insights-trends/trend-2-2,unreviewed,https://www.intcoframing-us.com/wp-sitemap-posts-page-1.xml
wp-sitemap-posts-page-1,http://www.intcoframing-us.com/solutions/business-insights-trends/trend-2/,/solutions/business-insights-trends/trend-2/,2024-02-19T17:41:16+08:00,/solutions/business-insights-trends/trend-2,unreviewed,https://www.intcoframing-us.com/wp-sitemap-posts-page-1.xml
wp-sitemap-posts-page-1,http://www.intcoframing-us.com/solutions/business-insights-trends/trend/,/solutions/business-insights-trends/trend/,2024-02-20T09:31:18+08:00,/solutions/business-insights-trends/trend,unreviewed,https://www.intcoframing-us.com/wp-sitemap-posts-page-1.xml
wp-sitemap-posts-page-1,http://www.intcoframing-us.com/solutions/certification/,/solutions/certification/,2024-02-18T10:25:15+08:00,/solutions/certification,unreviewed,https://www.intcoframing-us.com/wp-sitemap-posts-page-1.xml
wp-sitemap-posts-page-1,http://www.intcoframing-us.com/solutions/global-production-and-supply/,/solutions/global-production-and-supply/,2024-02-19T16:45:14+08:00,/solutions/global-production-and-supply,unreviewed,https://www.intcoframing-us.com/wp-sitemap-posts-page-1.xml
wp-sitemap-posts-page-1,http://www.intcoframing-us.com/solutions/manufacturing-delivery/,/solutions/manufacturing-delivery/,2024-02-18T10:24:47+08:00,/solutions/manufacturing-delivery,unreviewed,https://www.intcoframing-us.com/wp-sitemap-posts-page-1.xml
wp-sitemap-posts-page-1,http://www.intcoframing-us.com/solutions/retailer-support/,/solutions/retailer-support/,2024-06-19T12:06:36+08:00,/solutions/retailer-support,unreviewed,https://www.intcoframing-us.com/wp-sitemap-posts-page-1.xml
wp-sitemap-posts-page-1,http://www.intcoframing-us.com/who-we-are/,/who-we-are/,2025-09-23T09:27:51+08:00,/who-we-are,unreviewed,https://www.intcoframing-us.com/wp-sitemap-posts-page-1.xml
wp-sitemap-posts-page-1,http://www.intcoframing-us.com/who-we-are/philosophy/,/who-we-are/philosophy/,2024-06-19T12:09:23+08:00,/who-we-are/philosophy,unreviewed,https://www.intcoframing-us.com/wp-sitemap-posts-page-1.xml
wp-sitemap-posts-page-1,http://www.intcoframing-us.com/who-we-are/sustainability/,/who-we-are/sustainability/,2024-06-19T12:08:33+08:00,/who-we-are/sustainability,unreviewed,https://www.intcoframing-us.com/wp-sitemap-posts-page-1.xml
wp-sitemap-posts-post-1,http://www.intcoframing-us.com/8-2/,/8-2/,2024-08-01T18:36:03+08:00,/8-2,unreviewed,https://www.intcoframing-us.com/wp-sitemap-posts-post-1.xml
wp-sitemap-posts-post-1,http://www.intcoframing-us.com/aluminum-black-collage-picture-frame-with-2-4x6-and-2-6x8-openings-2/,/aluminum-black-collage-picture-frame-with-2-4x6-and-2-6x8-openings-2/,2024-08-01T18:44:13+08:00,/aluminum-black-collage-picture-frame-with-2-4x6-and-2-6x8-openings-2,unreviewed,https://www.intcoframing-us.com/wp-sitemap-posts-post-1.xml
wp-sitemap-posts-post-1,http://www.intcoframing-us.com/aluminum-black-collage-picture-frame-with-2-4x6-and-2-6x8-openings/,/aluminum-black-collage-picture-frame-with-2-4x6-and-2-6x8-openings/,2024-08-01T18:43:46+08:00,/aluminum-black-collage-picture-frame-with-2-4x6-and-2-6x8-openings,unreviewed,https://www.intcoframing-us.com/wp-sitemap-posts-post-1.xml
wp-sitemap-posts-post-1,http://www.intcoframing-us.com/arched-alumium-framed-led-bathroom-wall-mounted-mirror/,/arched-alumium-framed-led-bathroom-wall-mounted-mirror/,2024-08-01T18:36:27+08:00,/arched-alumium-framed-led-bathroom-wall-mounted-mirror,unreviewed,https://www.intcoframing-us.com/wp-sitemap-posts-post-1.xml
wp-sitemap-posts-post-1,http://www.intcoframing-us.com/art/alternative-wall-decor/abstract-wood-wall-art-decor/,/art/alternative-wall-decor/abstract-wood-wall-art-decor/,2024-08-01T18:46:25+08:00,/art/alternative-wall-decor/abstract-wood-wall-art-decor,unreviewed,https://www.intcoframing-us.com/wp-sitemap-posts-post-1.xml
wp-sitemap-posts-post-1,http://www.intcoframing-us.com/art/alternative-wall-decor/animal-cow-framed-wood-wall-art-decor/,/art/alternative-wall-decor/animal-cow-framed-wood-wall-art-decor/,2024-08-01T18:45:21+08:00,/art/alternative-wall-decor/animal-cow-framed-wood-wall-art-decor,unreviewed,https://www.intcoframing-us.com/wp-sitemap-posts-post-1.xml
wp-sitemap-posts-post-1,http://www.intcoframing-us.com/art/alternative-wall-decor/cactus-decor-wall-decor-for-living-room/,/art/alternative-wall-decor/cactus-decor-wall-decor-for-living-room/,2024-08-01T18:47:00+08:00,/art/alternative-wall-decor/cactus-decor-wall-decor-for-living-room,unreviewed,https://www.intcoframing-us.com/wp-sitemap-posts-post-1.xml
wp-sitemap-posts-post-1,http://www.intcoframing-us.com/art/alternative-wall-decor/nautical-sea-birds-landscape-wood-wall-art-decor/,/art/alternative-wall-decor/nautical-sea-birds-landscape-wood-wall-art-decor/,2024-08-01T18:46:12+08:00,/art/alternative-wall-decor/nautical-sea-birds-landscape-wood-wall-art-decor,unreviewed,https://www.intcoframing-us.com/wp-sitemap-posts-post-1.xml
wp-sitemap-posts-post-1,http://www.intcoframing-us.com/art/alternative-wall-decor/seastar-sea-horse-wood-wall-art-decor/,/art/alternative-wall-decor/seastar-sea-horse-wood-wall-art-decor/,2024-08-01T18:45:05+08:00,/art/alternative-wall-decor/seastar-sea-horse-wood-wall-art-decor,unreviewed,https://www.intcoframing-us.com/wp-sitemap-posts-post-1.xml
wp-sitemap-posts-post-1,http://www.intcoframing-us.com/art/canvas-art/abstract-landscape-wall-art/,/art/canvas-art/abstract-landscape-wall-art/,2024-08-01T18:23:32+08:00,/art/canvas-art/abstract-landscape-wall-art,unreviewed,https://www.intcoframing-us.com/wp-sitemap-posts-post-1.xml
wp-sitemap-posts-post-1,http://www.intcoframing-us.com/art/canvas-art/african-woman-canvas-wall-art-print-piece-of-2/,/art/canvas-art/african-woman-canvas-wall-art-print-piece-of-2/,2024-08-01T18:46:57+08:00,/art/canvas-art/african-woman-canvas-wall-art-print-piece-of-2,unreviewed,https://www.intcoframing-us.com/wp-sitemap-posts-post-1.xml
wp-sitemap-posts-post-1,http://www.intcoframing-us.com/art/canvas-art/large-framed-canvas-wall-art-abstract-neutral/,/art/canvas-art/large-framed-canvas-wall-art-abstract-neutral/,2024-08-01T18:31:07+08:00,/art/canvas-art/large-framed-canvas-wall-art-abstract-neutral,unreviewed,https://www.intcoframing-us.com/wp-sitemap-posts-post-1.xml
wp-sitemap-posts-post-1,http://www.intcoframing-us.com/art/canvas-art/modern-abstract-canvas-wall-art/,/art/canvas-art/modern-abstract-canvas-wall-art/,2024-08-01T18:45:49+08:00,/art/canvas-art/modern-abstract-canvas-wall-art,unreviewed,https://www.intcoframing-us.com/wp-sitemap-posts-post-1.xml
wp-sitemap-posts-post-1,http://www.intcoframing-us.com/art/canvas-art/sea-star-and-sea-shell-theme-canvas-wall-art-piece-of-2/,/art/canvas-art/sea-star-and-sea-shell-theme-canvas-wall-art-piece-of-2/,2024-08-01T18:29:34+08:00,/art/canvas-art/sea-star-and-sea-shell-theme-canvas-wall-art-piece-of-2,unreviewed,https://www.intcoframing-us.com/wp-sitemap-posts-post-1.xml
wp-sitemap-posts-post-1,http://www.intcoframing-us.com/art/canvas-art/uttermost-mystic-forest-hand-painted-art-with-frame/,/art/canvas-art/uttermost-mystic-forest-hand-painted-art-with-frame/,2024-08-01T18:30:26+08:00,/art/canvas-art/uttermost-mystic-forest-hand-painted-art-with-frame,unreviewed,https://www.intcoframing-us.com/wp-sitemap-posts-post-1.xml
wp-sitemap-posts-post-1,http://www.intcoframing-us.com/art/canvas-art/white-flowers-floral-canvas-wall-art-print/,/art/canvas-art/white-flowers-floral-canvas-wall-art-print/,2024-08-01T18:31:47+08:00,/art/canvas-art/white-flowers-floral-canvas-wall-art-print,unreviewed,https://www.intcoframing-us.com/wp-sitemap-posts-post-1.xml
wp-sitemap-posts-post-1,http://www.intcoframing-us.com/art/framed-art/animal-giraffe-framed-wall-art-decor-piece-of-2/,/art/framed-art/animal-giraffe-framed-wall-art-decor-piece-of-2/,2024-08-01T18:33:08+08:00,/art/framed-art/animal-giraffe-framed-wall-art-decor-piece-of-2,unreviewed,https://www.intcoframing-us.com/wp-sitemap-posts-post-1.xml
wp-sitemap-posts-post-1,http://www.intcoframing-us.com/art/framed-art/black-framed-abstract-wall-art-set-of-2/,/art/framed-art/black-framed-abstract-wall-art-set-of-2/,2024-08-01T18:34:54+08:00,/art/framed-art/black-framed-abstract-wall-art-set-of-2,unreviewed,https://www.intcoframing-us.com/wp-sitemap-posts-post-1.xml
wp-sitemap-posts-post-1,http://www.intcoframing-us.com/art/framed-art/crackle-texture-ceramic-vase-wall-art/,/art/framed-art/crackle-texture-ceramic-vase-wall-art/,2024-08-01T18:42:46+08:00,/art/framed-art/crackle-texture-ceramic-vase-wall-art,unreviewed,https://www.intcoframing-us.com/wp-sitemap-posts-post-1.xml
wp-sitemap-posts-post-1,http://www.intcoframing-us.com/art/framed-art/figurative-lady-framed-wall-art-22x24/,/art/framed-art/figurative-lady-framed-wall-art-22x24/,2024-08-01T18:32:35+08:00,/art/framed-art/figurative-lady-framed-wall-art-22x24,unreviewed,https://www.intcoframing-us.com/wp-sitemap-posts-post-1.xml
wp-sitemap-posts-post-1,http://www.intcoframing-us.com/art/framed-art/framed-landscape-wall-art-room-decor-24x30/,/art/framed-art/framed-landscape-wall-art-room-decor-24x30/,2024-08-01T18:34:13+08:00,/art/framed-art/framed-landscape-wall-art-room-decor-24x30,unreviewed,https://www.intcoframing-us.com/wp-sitemap-posts-post-1.xml
wp-sitemap-posts-post-1,http://www.intcoframing-us.com/art/framed-art/framed-print-coastal-wall-art-2-piece-20x20/,/art/framed-art/framed-print-coastal-wall-art-2-piece-20x20/,2024-08-01T18:33:37+08:00,/art/framed-art/framed-print-coastal-wall-art-2-piece-20x20,unreviewed,https://www.intcoframing-us.com/wp-sitemap-posts-post-1.xml
wp-sitemap-posts-post-1,http://www.intcoframing-us.com/black-rectangular-medicine-cabinet-with-mirror-22x26-8-in/,/black-rectangular-medicine-cabinet-with-mirror-22x26-8-in/,2024-08-01T18:36:30+08:00,/black-rectangular-medicine-cabinet-with-mirror-22x26-8-in,unreviewed,https://www.intcoframing-us.com/wp-sitemap-posts-post-1.xml
wp-sitemap-posts-post-1,http://www.intcoframing-us.com/botanical-wall-art-wooden-vintage-tropical-leaves-nature-wall-decor/,/botanical-wall-art-wooden-vintage-tropical-leaves-nature-wall-decor/,2024-08-01T18:33:38+08:00,/botanical-wall-art-wooden-vintage-tropical-leaves-nature-wall-decor,unreviewed,https://www.intcoframing-us.com/wp-sitemap-posts-post-1.xml
wp-sitemap-posts-post-1,http://www.intcoframing-us.com/certificate-diploma-document-frame-11x14-matted-to-8-5x11/,/certificate-diploma-document-frame-11x14-matted-to-8-5x11/,2024-08-01T18:45:16+08:00,/certificate-diploma-document-frame-11x14-matted-to-8-5x11,unreviewed,https://www.intcoframing-us.com/wp-sitemap-posts-post-1.xml
wp-sitemap-posts-post-1,http://www.intcoframing-us.com/chalkboard-style-board-monthly-wall-calendar-18x24-inch/,/chalkboard-style-board-monthly-wall-calendar-18x24-inch/,2024-08-01T18:27:19+08:00,/chalkboard-style-board-monthly-wall-calendar-18x24-inch,unreviewed,https://www.intcoframing-us.com/wp-sitemap-posts-post-1.xml
wp-sitemap-posts-post-1,http://www.intcoframing-us.com/chalkboard-style-memo-board-50x70cm/,/chalkboard-style-memo-board-50x70cm/,2024-08-01T18:31:27+08:00,/chalkboard-style-memo-board-50x70cm,unreviewed,https://www.intcoframing-us.com/wp-sitemap-posts-post-1.xml
wp-sitemap-posts-post-1,http://www.intcoframing-us.com/classic-contemporary-ps-framed-gold-full-length-leaner-mirror/,/classic-contemporary-ps-framed-gold-full-length-leaner-mirror/,2024-08-01T18:35:37+08:00,/classic-contemporary-ps-framed-gold-full-length-leaner-mirror,unreviewed,https://www.intcoframing-us.com/wp-sitemap-posts-post-1.xml
wp-sitemap-posts-post-1,http://www.intcoframing-us.com/classic-dark-grey-picture-frame-for-wall-and-tabletop-display-11x14-in/,/classic-dark-grey-picture-frame-for-wall-and-tabletop-display-11x14-in/,2024-08-01T18:41:29+08:00,/classic-dark-grey-picture-frame-for-wall-and-tabletop-display-11x14-in,unreviewed,https://www.intcoframing-us.com/wp-sitemap-posts-post-1.xml
wp-sitemap-posts-post-1,http://www.intcoframing-us.com/classic-rectangle-framed-wall-accent-mirror-24x36/,/classic-rectangle-framed-wall-accent-mirror-24x36/,2024-08-01T18:37:22+08:00,/classic-rectangle-framed-wall-accent-mirror-24x36,unreviewed,https://www.intcoframing-us.com/wp-sitemap-posts-post-1.xml
wp-sitemap-posts-post-1,http://www.intcoframing-us.com/contemporary-matte-black-aluminum-picture-frame-for-wall-art-11x14-in-2/,/contemporary-matte-black-aluminum-picture-frame-for-wall-art-11x14-in-2/,2024-08-01T18:42:04+08:00,/contemporary-matte-black-aluminum-picture-frame-for-wall-art-11x14-in-2,unreviewed,https://www.intcoframing-us.com/wp-sitemap-posts-post-1.xml
wp-sitemap-posts-post-1,http://www.intcoframing-us.com/contemporary-matte-black-aluminum-picture-frame-for-wall-art-11x14-in/,/contemporary-matte-black-aluminum-picture-frame-for-wall-art-11x14-in/,2024-08-01T18:42:34+08:00,/contemporary-matte-black-aluminum-picture-frame-for-wall-art-11x14-in,unreviewed,https://www.intcoframing-us.com/wp-sitemap-posts-post-1.xml
wp-sitemap-posts-post-1,http://www.intcoframing-us.com/dry-erase-wall-calendar-with-black-frame-40x40cm/,/dry-erase-wall-calendar-with-black-frame-40x40cm/,2024-08-01T18:30:56+08:00,/dry-erase-wall-calendar-with-black-frame-40x40cm,unreviewed,https://www.intcoframing-us.com/wp-sitemap-posts-post-1.xml
wp-sitemap-posts-post-1,http://www.intcoframing-us.com/framless-wall-mounted-led-bathroom-mirror-24x36-inch/,/framless-wall-mounted-led-bathroom-mirror-24x36-inch/,2024-08-01T18:38:41+08:00,/framless-wall-mounted-led-bathroom-mirror-24x36-inch,unreviewed,https://www.intcoframing-us.com/wp-sitemap-posts-post-1.xml
wp-sitemap-posts-post-1,http://www.intcoframing-us.com/french-floral-landscapes-illustrations-framed-wall-art/,/french-floral-landscapes-illustrations-framed-wall-art/,2024-08-01T18:33:07+08:00,/french-floral-landscapes-illustrations-framed-wall-art,unreviewed,https://www.intcoframing-us.com/wp-sitemap-posts-post-1.xml
wp-sitemap-posts-post-1,http://www.intcoframing-us.com/furniture/medicine-cabinet/2434/,/furniture/medicine-cabinet/2434/,2024-08-01T18:39:36+08:00,/furniture/medicine-cabinet/2434,unreviewed,https://www.intcoframing-us.com/wp-sitemap-posts-post-1.xml
wp-sitemap-posts-post-1,http://www.intcoframing-us.com/furniture/medicine-cabinet/dual-door-wall-mounted-bathroom-cabinet-with-mirror/,/furniture/medicine-cabinet/dual-door-wall-mounted-bathroom-cabinet-with-mirror/,2024-08-01T18:39:59+08:00,/furniture/medicine-cabinet/dual-door-wall-mounted-bathroom-cabinet-with-mirror,unreviewed,https://www.intcoframing-us.com/wp-sitemap-posts-post-1.xml
wp-sitemap-posts-post-1,http://www.intcoframing-us.com/furniture/shelf/floating-shelves/,/furniture/shelf/floating-shelves/,2024-08-01T18:35:24+08:00,/furniture/shelf/floating-shelves,unreviewed,https://www.intcoframing-us.com/wp-sitemap-posts-post-1.xml
wp-sitemap-posts-post-1,http://www.intcoframing-us.com/gold-aluminum-framed-linen-bulletin-board-20x28/,/gold-aluminum-framed-linen-bulletin-board-20x28/,2024-08-01T18:28:23+08:00,/gold-aluminum-framed-linen-bulletin-board-20x28,unreviewed,https://www.intcoframing-us.com/wp-sitemap-posts-post-1.xml
wp-sitemap-posts-post-1,http://www.intcoframing-us.com/gold-framed-weekly-calendar-dry-erase-board-16x16-in/,/gold-framed-weekly-calendar-dry-erase-board-16x16-in/,2024-08-01T18:27:47+08:00,/gold-framed-weekly-calendar-dry-erase-board-16x16-in,unreviewed,https://www.intcoframing-us.com/wp-sitemap-posts-post-1.xml
wp-sitemap-posts-post-1,http://www.intcoframing-us.com/minimalist-botanical-leaf-framed-wall-art/,/minimalist-botanical-leaf-framed-wall-art/,2024-08-01T18:31:56+08:00,/minimalist-botanical-leaf-framed-wall-art,unreviewed,https://www.intcoframing-us.com/wp-sitemap-posts-post-1.xml
wp-sitemap-posts-post-1,http://www.intcoframing-us.com/mirror/door-mirror/modern-black-full-length-over-the-door-mirror/,/mirror/door-mirror/modern-black-full-length-over-the-door-mirror/,2024-08-01T18:35:53+08:00,/mirror/door-mirror/modern-black-full-length-over-the-door-mirror,unreviewed,https://www.intcoframing-us.com/wp-sitemap-posts-post-1.xml
wp-sitemap-posts-post-1,http://www.intcoframing-us.com/mirror/leaner-mirror/classic-brown-wood-framed-leaner-mirror/,/mirror/leaner-mirror/classic-brown-wood-framed-leaner-mirror/,2024-08-01T18:37:35+08:00,/mirror/leaner-mirror/classic-brown-wood-framed-leaner-mirror,unreviewed,https://www.intcoframing-us.com/wp-sitemap-posts-post-1.xml
wp-sitemap-posts-post-1,http://www.intcoframing-us.com/mirror/leaner-mirror/sleek-decorative-full-length-leaner-mirror/,/mirror/leaner-mirror/sleek-decorative-full-length-leaner-mirror/,2024-08-01T18:36:46+08:00,/mirror/leaner-mirror/sleek-decorative-full-length-leaner-mirror,unreviewed,https://www.intcoframing-us.com/wp-sitemap-posts-post-1.xml
wp-sitemap-posts-post-1,http://www.intcoframing-us.com/mirror/leaner-mirror/wavy-elegance-solid-wood-leaner-mirror/,/mirror/leaner-mirror/wavy-elegance-solid-wood-leaner-mirror/,2024-08-01T18:37:59+08:00,/mirror/leaner-mirror/wavy-elegance-solid-wood-leaner-mirror,unreviewed,https://www.intcoframing-us.com/wp-sitemap-posts-post-1.xml
wp-sitemap-posts-post-1,http://www.intcoframing-us.com/mirror/led-mirror/2835/,/mirror/led-mirror/2835/,2024-08-06T10:25:19+08:00,/mirror/led-mirror/2835,unreviewed,https://www.intcoframing-us.com/wp-sitemap-posts-post-1.xml
wp-sitemap-posts-post-1,http://www.intcoframing-us.com/mirror/led-mirror/aluminum-framed-rounded-corner-led-mirror/,/mirror/led-mirror/aluminum-framed-rounded-corner-led-mirror/,2024-08-01T18:25:12+08:00,/mirror/led-mirror/aluminum-framed-rounded-corner-led-mirror,unreviewed,https://www.intcoframing-us.com/wp-sitemap-posts-post-1.xml
wp-sitemap-posts-post-1,http://www.intcoframing-us.com/mirror/led-mirror/arched-led-vanity-mirror/,/mirror/led-mirror/arched-led-vanity-mirror/,2025-12-12T11:16:57+08:00,/mirror/led-mirror/arched-led-vanity-mirror,unreviewed,https://www.intcoframing-us.com/wp-sitemap-posts-post-1.xml
wp-sitemap-posts-post-1,http://www.intcoframing-us.com/mirror/led-mirror/classic-led-mirror/,/mirror/led-mirror/classic-led-mirror/,2025-12-24T16:17:17+08:00,/mirror/led-mirror/classic-led-mirror,unreviewed,https://www.intcoframing-us.com/wp-sitemap-posts-post-1.xml
wp-sitemap-posts-post-1,http://www.intcoframing-us.com/mirror/led-mirror/frameless-round-copper-free-led-mirror/,/mirror/led-mirror/frameless-round-copper-free-led-mirror/,2024-08-01T18:41:18+08:00,/mirror/led-mirror/frameless-round-copper-free-led-mirror,unreviewed,https://www.intcoframing-us.com/wp-sitemap-posts-post-1.xml
wp-sitemap-posts-post-1,http://www.intcoframing-us.com/mirror/led-mirror/hollywood-full-length-led-mirror/,/mirror/led-mirror/hollywood-full-length-led-mirror/,2025-12-12T15:07:21+08:00,/mirror/led-mirror/hollywood-full-length-led-mirror,unreviewed,https://www.intcoframing-us.com/wp-sitemap-posts-post-1.xml
wp-sitemap-posts-post-1,http://www.intcoframing-us.com/mirror/led-mirror/hollywood-vanity-led-mirror/,/mirror/led-mirror/hollywood-vanity-led-mirror/,2025-12-12T11:16:32+08:00,/mirror/led-mirror/hollywood-vanity-led-mirror,unreviewed,https://www.intcoframing-us.com/wp-sitemap-posts-post-1.xml
wp-sitemap-posts-post-1,http://www.intcoframing-us.com/mirror/led-mirror/iron-framed-led-mirror-with-shelf/,/mirror/led-mirror/iron-framed-led-mirror-with-shelf/,2024-08-01T18:40:47+08:00,/mirror/led-mirror/iron-framed-led-mirror-with-shelf,unreviewed,https://www.intcoframing-us.com/wp-sitemap-posts-post-1.xml
wp-sitemap-posts-post-1,http://www.intcoframing-us.com/mirror/led-mirror/metal-framed-full-length-led-mirror/,/mirror/led-mirror/metal-framed-full-length-led-mirror/,2024-08-06T10:10:27+08:00,/mirror/led-mirror/metal-framed-full-length-led-mirror,unreviewed,https://www.intcoframing-us.com/wp-sitemap-posts-post-1.xml
wp-sitemap-posts-post-1,http://www.intcoframing-us.com/mirror/led-mirror/modern-square-led-mirror-2/,/mirror/led-mirror/modern-square-led-mirror-2/,2025-12-12T14:03:59+08:00,/mirror/led-mirror/modern-square-led-mirror-2,unreviewed,https://www.intcoframing-us.com/wp-sitemap-posts-post-1.xml
wp-sitemap-posts-post-1,http://www.intcoframing-us.com/mirror/led-mirror/modern-square-led-mirror/,/mirror/led-mirror/modern-square-led-mirror/,2025-12-12T11:16:01+08:00,/mirror/led-mirror/modern-square-led-mirror,unreviewed,https://www.intcoframing-us.com/wp-sitemap-posts-post-1.xml
wp-sitemap-posts-post-1,http://www.intcoframing-us.com/mirror/led-mirror/sleek-iron-framed-led-mirror/,/mirror/led-mirror/sleek-iron-framed-led-mirror/,2024-08-01T18:40:21+08:00,/mirror/led-mirror/sleek-iron-framed-led-mirror,unreviewed,https://www.intcoframing-us.com/wp-sitemap-posts-post-1.xml
wp-sitemap-posts-post-1,http://www.intcoframing-us.com/mirror/standing-mirror/aluminum-framed-arched-full-length-standing-mirror/,/mirror/standing-mirror/aluminum-framed-arched-full-length-standing-mirror/,2024-08-01T18:36:59+08:00,/mirror/standing-mirror/aluminum-framed-arched-full-length-standing-mirror,unreviewed,https://www.intcoframing-us.com/wp-sitemap-posts-post-1.xml
wp-sitemap-posts-post-1,http://www.intcoframing-us.com/mirror/standing-mirror/natural-wood-grain-plastic-standing-mirror/,/mirror/standing-mirror/natural-wood-grain-plastic-standing-mirror/,2024-08-01T18:27:40+08:00,/mirror/standing-mirror/natural-wood-grain-plastic-standing-mirror,unreviewed,https://www.intcoframing-us.com/wp-sitemap-posts-post-1.xml
wp-sitemap-posts-post-1,http://www.intcoframing-us.com/mirror/wall-mirror/aluminum-framed-arched-wall-mirror/,/mirror/wall-mirror/aluminum-framed-arched-wall-mirror/,2024-08-01T18:34:32+08:00,/mirror/wall-mirror/aluminum-framed-arched-wall-mirror,unreviewed,https://www.intcoframing-us.com/wp-sitemap-posts-post-1.xml
wp-sitemap-posts-post-1,http://www.intcoframing-us.com/mirror/wall-mirror/aluminum-framed-round-wall-mirror-with-wood-grain/,/mirror/wall-mirror/aluminum-framed-round-wall-mirror-with-wood-grain/,2024-08-01T18:38:08+08:00,/mirror/wall-mirror/aluminum-framed-round-wall-mirror-with-wood-grain,unreviewed,https://www.intcoframing-us.com/wp-sitemap-posts-post-1.xml
wp-sitemap-posts-post-1,http://www.intcoframing-us.com/mirror/wall-mirror/aluminum-framed-round-wall-mirror/,/mirror/wall-mirror/aluminum-framed-round-wall-mirror/,2024-09-06T09:41:19+08:00,/mirror/wall-mirror/aluminum-framed-round-wall-mirror,unreviewed,https://www.intcoframing-us.com/wp-sitemap-posts-post-1.xml
wp-sitemap-posts-post-1,http://www.intcoframing-us.com/mirror/wall-mirror/bi-color-deep-iron-framed-round-mirror/,/mirror/wall-mirror/bi-color-deep-iron-framed-round-mirror/,2024-08-01T18:35:58+08:00,/mirror/wall-mirror/bi-color-deep-iron-framed-round-mirror,unreviewed,https://www.intcoframing-us.com/wp-sitemap-posts-post-1.xml
wp-sitemap-posts-post-1,http://www.intcoframing-us.com/mirror/wall-mirror/cathedral-window-iron-framed-mirror/,/mirror/wall-mirror/cathedral-window-iron-framed-mirror/,2024-08-01T18:39:17+08:00,/mirror/wall-mirror/cathedral-window-iron-framed-mirror,unreviewed,https://www.intcoframing-us.com/wp-sitemap-posts-post-1.xml
wp-sitemap-posts-post-1,http://www.intcoframing-us.com/mirror/wall-mirror/classic-aluminum-framed-round-wall-mirror/,/mirror/wall-mirror/classic-aluminum-framed-round-wall-mirror/,2024-08-01T18:43:53+08:00,/mirror/wall-mirror/classic-aluminum-framed-round-wall-mirror,unreviewed,https://www.intcoframing-us.com/wp-sitemap-posts-post-1.xml
wp-sitemap-posts-post-1,http://www.intcoframing-us.com/mirror/wall-mirror/decorative-aluminum-framed-gold-wall-mirror/,/mirror/wall-mirror/decorative-aluminum-framed-gold-wall-mirror/,2024-08-01T18:38:43+08:00,/mirror/wall-mirror/decorative-aluminum-framed-gold-wall-mirror,unreviewed,https://www.intcoframing-us.com/wp-sitemap-posts-post-1.xml
wp-sitemap-posts-post-1,http://www.intcoframing-us.com/mirror/wall-mirror/gold-decorative-ps-framed-wall-mirror/,/mirror/wall-mirror/gold-decorative-ps-framed-wall-mirror/,2024-08-01T18:39:13+08:00,/mirror/wall-mirror/gold-decorative-ps-framed-wall-mirror,unreviewed,https://www.intcoframing-us.com/wp-sitemap-posts-post-1.xml
wp-sitemap-posts-post-1,http://www.intcoframing-us.com/mirror/wall-mirror/grooved-elegance-round-wood-mirror/,/mirror/wall-mirror/grooved-elegance-round-wood-mirror/,2024-08-01T18:35:14+08:00,/mirror/wall-mirror/grooved-elegance-round-wood-mirror,unreviewed,https://www.intcoframing-us.com/wp-sitemap-posts-post-1.xml
wp-sitemap-posts-post-1,http://www.intcoframing-us.com/mirror/wall-mirror/irregular-shaped-injection-framed-wall-mirror/,/mirror/wall-mirror/irregular-shaped-injection-framed-wall-mirror/,2024-08-01T18:34:09+08:00,/mirror/wall-mirror/irregular-shaped-injection-framed-wall-mirror,unreviewed,https://www.intcoframing-us.com/wp-sitemap-posts-post-1.xml
wp-sitemap-posts-post-1,http://www.intcoframing-us.com/mirror/wall-mirror/modern-black-iron-bathroom-mirror-with-shelf/,/mirror/wall-mirror/modern-black-iron-bathroom-mirror-with-shelf/,2024-08-01T18:44:45+08:00,/mirror/wall-mirror/modern-black-iron-bathroom-mirror-with-shelf,unreviewed,https://www.intcoframing-us.com/wp-sitemap-posts-post-1.xml
wp-sitemap-posts-post-1,http://www.intcoframing-us.com/mirror/wall-mirror/modern-decorative-ps-framed-wall-mounted-mirror/,/mirror/wall-mirror/modern-decorative-ps-framed-wall-mounted-mirror/,2024-08-01T18:38:06+08:00,/mirror/wall-mirror/modern-decorative-ps-framed-wall-mounted-mirror,unreviewed,https://www.intcoframing-us.com/wp-sitemap-posts-post-1.xml
wp-sitemap-posts-post-1,http://www.intcoframing-us.com/mirror/wall-mirror/natral-color-full-length-wall-mirror/,/mirror/wall-mirror/natral-color-full-length-wall-mirror/,2024-08-01T18:42:07+08:00,/mirror/wall-mirror/natral-color-full-length-wall-mirror,unreviewed,https://www.intcoframing-us.com/wp-sitemap-posts-post-1.xml
wp-sitemap-posts-post-1,http://www.intcoframing-us.com/mirror/wall-mirror/natural-weave-framed-wall-mirror/,/mirror/wall-mirror/natural-weave-framed-wall-mirror/,2024-08-01T18:38:22+08:00,/mirror/wall-mirror/natural-weave-framed-wall-mirror,unreviewed,https://www.intcoframing-us.com/wp-sitemap-posts-post-1.xml
wp-sitemap-posts-post-1,http://www.intcoframing-us.com/mirror/wall-mirror/ps-framed-burl-wood-wall-mirror/,/mirror/wall-mirror/ps-framed-burl-wood-wall-mirror/,2024-08-01T18:41:46+08:00,/mirror/wall-mirror/ps-framed-burl-wood-wall-mirror,unreviewed,https://www.intcoframing-us.com/wp-sitemap-posts-post-1.xml
wp-sitemap-posts-post-1,http://www.intcoframing-us.com/mirror/wall-mirror/sleek-deep-edge-aluminum-alloy-round-mirror/,/mirror/wall-mirror/sleek-deep-edge-aluminum-alloy-round-mirror/,2024-09-06T10:22:16+08:00,/mirror/wall-mirror/sleek-deep-edge-aluminum-alloy-round-mirror,unreviewed,https://www.intcoframing-us.com/wp-sitemap-posts-post-1.xml
wp-sitemap-posts-post-1,http://www.intcoframing-us.com/mirror/wall-mirror/vintage-carved-framed-round-mirror/,/mirror/wall-mirror/vintage-carved-framed-round-mirror/,2024-08-01T18:43:09+08:00,/mirror/wall-mirror/vintage-carved-framed-round-mirror,unreviewed,https://www.intcoframing-us.com/wp-sitemap-posts-post-1.xml
wp-sitemap-posts-post-1,http://www.intcoframing-us.com/modern-grey-aluminum-tabletop-picture-frames-8x10/,/modern-grey-aluminum-tabletop-picture-frames-8x10/,2024-08-01T18:40:50+08:00,/modern-grey-aluminum-tabletop-picture-frames-8x10,unreviewed,https://www.intcoframing-us.com/wp-sitemap-posts-post-1.xml
wp-sitemap-posts-post-1,http://www.intcoframing-us.com/modern-mirror-with-non-rusting-iron-metal-framed-wall-mounted-decorative-mirror/,/modern-mirror-with-non-rusting-iron-metal-framed-wall-mounted-decorative-mirror/,2024-08-01T18:35:03+08:00,/modern-mirror-with-non-rusting-iron-metal-framed-wall-mounted-decorative-mirror,unreviewed,https://www.intcoframing-us.com/wp-sitemap-posts-post-1.xml
wp-sitemap-posts-post-1,http://www.intcoframing-us.com/natural-wood-wall-tabletop-picture-frame-with-plastic-frame-11x14-in-2/,/natural-wood-wall-tabletop-picture-frame-with-plastic-frame-11x14-in-2/,2024-08-01T18:44:13+08:00,/natural-wood-wall-tabletop-picture-frame-with-plastic-frame-11x14-in-2,unreviewed,https://www.intcoframing-us.com/wp-sitemap-posts-post-1.xml
wp-sitemap-posts-post-1,http://www.intcoframing-us.com/natural-wood-wall-tabletop-picture-frame-with-plastic-frame-11x14-in/,/natural-wood-wall-tabletop-picture-frame-with-plastic-frame-11x14-in/,2024-08-01T18:44:47+08:00,/natural-wood-wall-tabletop-picture-frame-with-plastic-frame-11x14-in,unreviewed,https://www.intcoframing-us.com/wp-sitemap-posts-post-1.xml
wp-sitemap-posts-post-1,http://www.intcoframing-us.com/neutral-minimalist-framed-abstract-wall-art/,/neutral-minimalist-framed-abstract-wall-art/,2024-08-01T18:32:37+08:00,/neutral-minimalist-framed-abstract-wall-art,unreviewed,https://www.intcoframing-us.com/wp-sitemap-posts-post-1.xml
wp-sitemap-posts-post-1,http://www.intcoframing-us.com/picture-frame/collage-frame/3-opening-4x6-collage-picture-frame-natural-plastic-picture-frames-grey-wood-grain/,/picture-frame/collage-frame/3-opening-4x6-collage-picture-frame-natural-plastic-picture-frames-grey-wood-grain/,2024-08-01T18:41:40+08:00,/picture-frame/collage-frame/3-opening-4x6-collage-picture-frame-natural-plastic-picture-frames-grey-wood-grain,unreviewed,https://www.intcoframing-us.com/wp-sitemap-posts-post-1.xml
wp-sitemap-posts-post-1,http://www.intcoframing-us.com/picture-frame/poster-frame-2/modern-black-alumium-framed-poster-frame/,/picture-frame/poster-frame-2/modern-black-alumium-framed-poster-frame/,2024-08-01T18:42:07+08:00,/picture-frame/poster-frame-2/modern-black-alumium-framed-poster-frame,unreviewed,https://www.intcoframing-us.com/wp-sitemap-posts-post-1.xml
wp-sitemap-posts-post-1,http://www.intcoframing-us.com/picture-frame/poster-frame/aluminum-framed-rounded-corners-poster-frame-2/,/picture-frame/poster-frame/aluminum-framed-rounded-corners-poster-frame-2/,2024-08-01T18:27:02+08:00,/picture-frame/poster-frame/aluminum-framed-rounded-corners-poster-frame-2,unreviewed,https://www.intcoframing-us.com/wp-sitemap-posts-post-1.xml
wp-sitemap-posts-post-1,http://www.intcoframing-us.com/picture-frame/poster-frame/aluminum-framed-rounded-corners-poster-frame/,/picture-frame/poster-frame/aluminum-framed-rounded-corners-poster-frame/,2024-08-01T18:30:15+08:00,/picture-frame/poster-frame/aluminum-framed-rounded-corners-poster-frame,unreviewed,https://www.intcoframing-us.com/wp-sitemap-posts-post-1.xml
wp-sitemap-posts-post-1,http://www.intcoframing-us.com/picture-frame/shadow-box/white-ps-framed-shadow-box/,/picture-frame/shadow-box/white-ps-framed-shadow-box/,2024-08-01T18:41:03+08:00,/picture-frame/shadow-box/white-ps-framed-shadow-box,unreviewed,https://www.intcoframing-us.com/wp-sitemap-posts-post-1.xml
wp-sitemap-posts-post-1,http://www.intcoframing-us.com/picture-frame/tabletop-frame/brushed-metal-elegance-frame/,/picture-frame/tabletop-frame/brushed-metal-elegance-frame/,2024-08-01T18:37:13+08:00,/picture-frame/tabletop-frame/brushed-metal-elegance-frame,unreviewed,https://www.intcoframing-us.com/wp-sitemap-posts-post-1.xml
wp-sitemap-posts-post-1,http://www.intcoframing-us.com/picture-frame/tabletop-frame/classic-ornate-embossed-finish-picture-frame/,/picture-frame/tabletop-frame/classic-ornate-embossed-finish-picture-frame/,2024-08-01T18:42:33+08:00,/picture-frame/tabletop-frame/classic-ornate-embossed-finish-picture-frame,unreviewed,https://www.intcoframing-us.com/wp-sitemap-posts-post-1.xml
wp-sitemap-posts-post-1,http://www.intcoframing-us.com/picture-frame/tabletop-frame/classic_beaded_decorative_tabletop_picture_frame-2/,/picture-frame/tabletop-frame/classic_beaded_decorative_tabletop_picture_frame-2/,2024-08-01T18:42:40+08:00,/picture-frame/tabletop-frame/classic_beaded_decorative_tabletop_picture_frame-2,unreviewed,https://www.intcoframing-us.com/wp-sitemap-posts-post-1.xml
wp-sitemap-posts-post-1,http://www.intcoframing-us.com/picture-frame/tabletop-frame/classic_beaded_decorative_tabletop_picture_frame/,/picture-frame/tabletop-frame/classic_beaded_decorative_tabletop_picture_frame/,2024-08-01T18:43:08+08:00,/picture-frame/tabletop-frame/classic_beaded_decorative_tabletop_picture_frame,unreviewed,https://www.intcoframing-us.com/wp-sitemap-posts-post-1.xml
wp-sitemap-posts-post-1,http://www.intcoframing-us.com/picture-frame/tabletop-frame/glossy-foil-elegance-picture-frame-2/,/picture-frame/tabletop-frame/glossy-foil-elegance-picture-frame-2/,2024-08-01T18:39:48+08:00,/picture-frame/tabletop-frame/glossy-foil-elegance-picture-frame-2,unreviewed,https://www.intcoframing-us.com/wp-sitemap-posts-post-1.xml
wp-sitemap-posts-post-1,http://www.intcoframing-us.com/picture-frame/tabletop-frame/glossy-foil-elegance-picture-frame/,/picture-frame/tabletop-frame/glossy-foil-elegance-picture-frame/,2024-08-01T18:44:07+08:00,/picture-frame/tabletop-frame/glossy-foil-elegance-picture-frame,unreviewed,https://www.intcoframing-us.com/wp-sitemap-posts-post-1.xml
wp-sitemap-posts-post-1,http://www.intcoframing-us.com/picture-frame/tabletop-frame/natural-burl-wood-design-picture-frame/,/picture-frame/tabletop-frame/natural-burl-wood-design-picture-frame/,2024-08-01T18:36:24+08:00,/picture-frame/tabletop-frame/natural-burl-wood-design-picture-frame,unreviewed,https://www.intcoframing-us.com/wp-sitemap-posts-post-1.xml
wp-sitemap-posts-post-1,http://www.intcoframing-us.com/picture-frame/tabletop-frame/rustic-woodgrain-picture-frame/,/picture-frame/tabletop-frame/rustic-woodgrain-picture-frame/,2024-08-01T18:37:35+08:00,/picture-frame/tabletop-frame/rustic-woodgrain-picture-frame,unreviewed,https://www.intcoframing-us.com/wp-sitemap-posts-post-1.xml
wp-sitemap-posts-post-1,http://www.intcoframing-us.com/picture-frame/wall-frame/brushed-finish-rounded-corner-aluminum-picture-frame/,/picture-frame/wall-frame/brushed-finish-rounded-corner-aluminum-picture-frame/,2024-08-01T18:31:36+08:00,/picture-frame/wall-frame/brushed-finish-rounded-corner-aluminum-picture-frame,unreviewed,https://www.intcoframing-us.com/wp-sitemap-posts-post-1.xml
wp-sitemap-posts-post-1,http://www.intcoframing-us.com/picture-frame/wall-frame/ps-woven-rattan-style-picture-frame/,/picture-frame/wall-frame/ps-woven-rattan-style-picture-frame/,2024-08-01T18:40:27+08:00,/picture-frame/wall-frame/ps-woven-rattan-style-picture-frame,unreviewed,https://www.intcoframing-us.com/wp-sitemap-posts-post-1.xml
wp-sitemap-posts-post-1,http://www.intcoframing-us.com/picture-frame/wall-frame/vintage-beaded-picture-frame/,/picture-frame/wall-frame/vintage-beaded-picture-frame/,2024-08-01T18:34:05+08:00,/picture-frame/wall-frame/vintage-beaded-picture-frame,unreviewed,https://www.intcoframing-us.com/wp-sitemap-posts-post-1.xml
wp-sitemap-posts-post-1,http://www.intcoframing-us.com/plastic-picture-frames-for-tabletop-display-5x7-inch-wood-grain-2/,/plastic-picture-frames-for-tabletop-display-5x7-inch-wood-grain-2/,2024-08-01T18:38:37+08:00,/plastic-picture-frames-for-tabletop-display-5x7-inch-wood-grain-2,unreviewed,https://www.intcoframing-us.com/wp-sitemap-posts-post-1.xml
wp-sitemap-posts-post-1,http://www.intcoframing-us.com/plastic-picture-frames-for-tabletop-display-5x7-inch-wood-grain/,/plastic-picture-frames-for-tabletop-display-5x7-inch-wood-grain/,2024-08-01T18:39:10+08:00,/plastic-picture-frames-for-tabletop-display-5x7-inch-wood-grain,unreviewed,https://www.intcoframing-us.com/wp-sitemap-posts-post-1.xml
wp-sitemap-posts-post-1,http://www.intcoframing-us.com/ps-framed-vintage-wood-grain-tabletop-photo-frame/,/ps-framed-vintage-wood-grain-tabletop-photo-frame/,2024-08-01T18:43:41+08:00,/ps-framed-vintage-wood-grain-tabletop-photo-frame,unreviewed,https://www.intcoframing-us.com/wp-sitemap-posts-post-1.xml
wp-sitemap-posts-post-1,http://www.intcoframing-us.com/rectangular-medicine-cabinet-without-mirror-31-4x24-4/,/rectangular-medicine-cabinet-without-mirror-31-4x24-4/,2024-08-01T18:36:56+08:00,/rectangular-medicine-cabinet-without-mirror-31-4x24-4,unreviewed,https://www.intcoframing-us.com/wp-sitemap-posts-post-1.xml
wp-sitemap-posts-post-1,http://www.intcoframing-us.com/round-wood-decorative-mirror-for-wall/,/round-wood-decorative-mirror-for-wall/,2024-08-01T18:34:36+08:00,/round-wood-decorative-mirror-for-wall,unreviewed,https://www.intcoframing-us.com/wp-sitemap-posts-post-1.xml
wp-sitemap-posts-post-1,http://www.intcoframing-us.com/tabletop-picture-frame-mdf-natural-oak-5x7-inch-2/,/tabletop-picture-frame-mdf-natural-oak-5x7-inch-2/,2024-08-01T18:39:47+08:00,/tabletop-picture-frame-mdf-natural-oak-5x7-inch-2,unreviewed,https://www.intcoframing-us.com/wp-sitemap-posts-post-1.xml
wp-sitemap-posts-post-1,http://www.intcoframing-us.com/tabletop-picture-frame-mdf-natural-oak-5x7-inch/,/tabletop-picture-frame-mdf-natural-oak-5x7-inch/,2024-08-01T18:40:17+08:00,/tabletop-picture-frame-mdf-natural-oak-5x7-inch,unreviewed,https://www.intcoframing-us.com/wp-sitemap-posts-post-1.xml
wp-sitemap-posts-post-1,http://www.intcoframing-us.com/wall-cork-board-for-photo-display-20x20-inch/,/wall-cork-board-for-photo-display-20x20-inch/,2024-08-01T18:30:20+08:00,/wall-cork-board-for-photo-display-20x20-inch,unreviewed,https://www.intcoframing-us.com/wp-sitemap-posts-post-1.xml
wp-sitemap-posts-post-1,http://www.intcoframing-us.com/white-modern-plastic-picture-frame-for-tabletop-display-5x7-in-2/,/white-modern-plastic-picture-frame-for-tabletop-display-5x7-in-2/,2024-08-01T18:32:24+08:00,/white-modern-plastic-picture-frame-for-tabletop-display-5x7-in-2,unreviewed,https://www.intcoframing-us.com/wp-sitemap-posts-post-1.xml
wp-sitemap-posts-post-1,http://www.intcoframing-us.com/white-modern-plastic-picture-frame-for-tabletop-display-5x7-in/,/white-modern-plastic-picture-frame-for-tabletop-display-5x7-in/,2024-08-01T18:33:30+08:00,/white-modern-plastic-picture-frame-for-tabletop-display-5x7-in,unreviewed,https://www.intcoframing-us.com/wp-sitemap-posts-post-1.xml
wp-sitemap-posts-post-1,http://www.intcoframing-us.com/wood-wall-mounted-picture-frame-11x14-matted-to-8x10/,/wood-wall-mounted-picture-frame-11x14-matted-to-8x10/,2024-08-01T18:43:07+08:00,/wood-wall-mounted-picture-frame-11x14-matted-to-8x10,unreviewed,https://www.intcoframing-us.com/wp-sitemap-posts-post-1.xml
wp-sitemap-posts-project-1,http://www.intcoframing-us.com/projects/bathroom/,/projects/bathroom/,2024-02-20T10:29:35+08:00,/projects/bathroom,unreviewed,https://www.intcoframing-us.com/wp-sitemap-posts-project-1.xml
wp-sitemap-posts-project-1,http://www.intcoframing-us.com/projects/bedroom/,/projects/bedroom/,2024-02-20T10:29:13+08:00,/projects/bedroom,unreviewed,https://www.intcoframing-us.com/wp-sitemap-posts-project-1.xml
wp-sitemap-posts-project-1,http://www.intcoframing-us.com/projects/cafes/,/projects/cafes/,2024-02-20T10:33:52+08:00,/projects/cafes,unreviewed,https://www.intcoframing-us.com/wp-sitemap-posts-project-1.xml
wp-sitemap-posts-project-1,http://www.intcoframing-us.com/projects/childrens-room/,/projects/childrens-room/,2024-02-20T10:32:10+08:00,/projects/childrens-room,unreviewed,https://www.intcoframing-us.com/wp-sitemap-posts-project-1.xml
wp-sitemap-posts-project-1,http://www.intcoframing-us.com/projects/dining-room/,/projects/dining-room/,2024-02-20T10:31:04+08:00,/projects/dining-room,unreviewed,https://www.intcoframing-us.com/wp-sitemap-posts-project-1.xml
wp-sitemap-posts-project-1,http://www.intcoframing-us.com/projects/gallery/,/projects/gallery/,2024-02-20T10:33:38+08:00,/projects/gallery,unreviewed,https://www.intcoframing-us.com/wp-sitemap-posts-project-1.xml
wp-sitemap-posts-project-1,http://www.intcoframing-us.com/projects/hotel/,/projects/hotel/,2024-02-20T10:33:07+08:00,/projects/hotel,unreviewed,https://www.intcoframing-us.com/wp-sitemap-posts-project-1.xml
wp-sitemap-posts-project-1,http://www.intcoframing-us.com/projects/kitchen/,/projects/kitchen/,2024-02-20T10:31:31+08:00,/projects/kitchen,unreviewed,https://www.intcoframing-us.com/wp-sitemap-posts-project-1.xml
wp-sitemap-posts-project-1,http://www.intcoframing-us.com/projects/large-commercial-space/,/projects/large-commercial-space/,2024-02-20T10:34:38+08:00,/projects/large-commercial-space,unreviewed,https://www.intcoframing-us.com/wp-sitemap-posts-project-1.xml
wp-sitemap-posts-project-1,http://www.intcoframing-us.com/projects/living-room/,/projects/living-room/,2024-02-23T08:40:49+08:00,/projects/living-room,unreviewed,https://www.intcoframing-us.com/wp-sitemap-posts-project-1.xml
wp-sitemap-posts-project-1,http://www.intcoframing-us.com/projects/office/,/projects/office/,2024-02-20T10:33:23+08:00,/projects/office,unreviewed,https://www.intcoframing-us.com/wp-sitemap-posts-project-1.xml
wp-sitemap-posts-project-1,http://www.intcoframing-us.com/projects/restaurant/,/projects/restaurant/,2024-02-20T10:34:14+08:00,/projects/restaurant,unreviewed,https://www.intcoframing-us.com/wp-sitemap-posts-project-1.xml
wp-sitemap-posts-project-1,http://www.intcoframing-us.com/projects/school/,/projects/school/,2024-02-20T10:34:54+08:00,/projects/school,unreviewed,https://www.intcoframing-us.com/wp-sitemap-posts-project-1.xml
wp-sitemap-taxonomies-blog-1,https://www.intcoframing-us.com/blog/expo/,/blog/expo/,2024-04-10T14:00:04+08:00,/blog/expo,unreviewed,https://www.intcoframing-us.com/wp-sitemap-taxonomies-blog-1.xml
wp-sitemap-taxonomies-blog-1,https://www.intcoframing-us.com/blog/industry-news/,/blog/industry-news/,2024-01-29T11:08:12+08:00,/blog/industry-news,unreviewed,https://www.intcoframing-us.com/wp-sitemap-taxonomies-blog-1.xml
wp-sitemap-taxonomies-blog-1,https://www.intcoframing-us.com/blog/inspiration/,/blog/inspiration/,2024-06-13T11:50:16+08:00,/blog/inspiration,unreviewed,https://www.intcoframing-us.com/wp-sitemap-taxonomies-blog-1.xml
wp-sitemap-taxonomies-blog-1,https://www.intcoframing-us.com/blog/press-release/,/blog/press-release/,2024-01-29T11:08:50+08:00,/blog/press-release,unreviewed,https://www.intcoframing-us.com/wp-sitemap-taxonomies-blog-1.xml
wp-sitemap-taxonomies-blog-1,https://www.intcoframing-us.com/blog/tips/,/blog/tips/,2024-02-23T17:06:59+08:00,/blog/tips,unreviewed,https://www.intcoframing-us.com/wp-sitemap-taxonomies-blog-1.xml
wp-sitemap-taxonomies-category-1,http://www.intcoframing-us.com/art/,/art/,2024-04-09T14:08:34+08:00,/art,unreviewed,https://www.intcoframing-us.com/wp-sitemap-taxonomies-category-1.xml
wp-sitemap-taxonomies-category-1,https://www.intcoframing-us.com/art/alternative-wall-decor/,/art/alternative-wall-decor/,2024-02-07T10:14:13+08:00,/art/alternative-wall-decor,unreviewed,https://www.intcoframing-us.com/wp-sitemap-taxonomies-category-1.xml
wp-sitemap-taxonomies-category-1,https://www.intcoframing-us.com/art/canvas-art/,/art/canvas-art/,2024-02-07T10:36:29+08:00,/art/canvas-art,unreviewed,https://www.intcoframing-us.com/wp-sitemap-taxonomies-category-1.xml
wp-sitemap-taxonomies-category-1,http://www.intcoframing-us.com/art/framed-art/,/art/framed-art/,2024-04-09T14:08:34+08:00,/art/framed-art,unreviewed,https://www.intcoframing-us.com/wp-sitemap-taxonomies-category-1.xml
wp-sitemap-taxonomies-category-1,http://www.intcoframing-us.com/furniture/,/furniture/,2024-06-06T16:56:56+08:00,/furniture,unreviewed,https://www.intcoframing-us.com/wp-sitemap-taxonomies-category-1.xml
wp-sitemap-taxonomies-category-1,https://www.intcoframing-us.com/furniture/medicine-cabinet/,/furniture/medicine-cabinet/,2024-06-06T16:56:56+08:00,/furniture/medicine-cabinet,unreviewed,https://www.intcoframing-us.com/wp-sitemap-taxonomies-category-1.xml
wp-sitemap-taxonomies-category-1,https://www.intcoframing-us.com/furniture/shelf/,/furniture/shelf/,2024-02-06T17:04:01+08:00,/furniture/shelf,unreviewed,https://www.intcoframing-us.com/wp-sitemap-taxonomies-category-1.xml
wp-sitemap-taxonomies-category-1,http://www.intcoframing-us.com/memo-board/,/memo-board/,2024-02-02T13:53:37+08:00,/memo-board,unreviewed,https://www.intcoframing-us.com/wp-sitemap-taxonomies-category-1.xml
wp-sitemap-taxonomies-category-1,https://www.intcoframing-us.com/memo-board/chalkboard/,/memo-board/chalkboard/,2024-02-02T13:53:37+08:00,/memo-board/chalkboard,unreviewed,https://www.intcoframing-us.com/wp-sitemap-taxonomies-category-1.xml
wp-sitemap-taxonomies-category-1,https://www.intcoframing-us.com/memo-board/cork-board/,/memo-board/cork-board/,2024-02-02T12:02:45+08:00,/memo-board/cork-board,unreviewed,https://www.intcoframing-us.com/wp-sitemap-taxonomies-category-1.xml
wp-sitemap-taxonomies-category-1,https://www.intcoframing-us.com/memo-board/dry-erase-board/,/memo-board/dry-erase-board/,2024-02-02T13:50:28+08:00,/memo-board/dry-erase-board,unreviewed,https://www.intcoframing-us.com/wp-sitemap-taxonomies-category-1.xml
wp-sitemap-taxonomies-category-1,https://www.intcoframing-us.com/memo-board/linen-board/,/memo-board/linen-board/,2024-02-02T12:09:10+08:00,/memo-board/linen-board,unreviewed,https://www.intcoframing-us.com/wp-sitemap-taxonomies-category-1.xml
wp-sitemap-taxonomies-category-1,http://www.intcoframing-us.com/mirror/,/mirror/,2024-06-12T15:26:14+08:00,/mirror,unreviewed,https://www.intcoframing-us.com/wp-sitemap-taxonomies-category-1.xml
wp-sitemap-taxonomies-category-1,http://www.intcoframing-us.com/mirror/door-mirror/,/mirror/door-mirror/,2024-02-06T13:54:37+08:00,/mirror/door-mirror,unreviewed,https://www.intcoframing-us.com/wp-sitemap-taxonomies-category-1.xml
wp-sitemap-taxonomies-category-1,http://www.intcoframing-us.com/mirror/leaner-mirror/,/mirror/leaner-mirror/,2024-06-11T13:27:15+08:00,/mirror/leaner-mirror,unreviewed,https://www.intcoframing-us.com/wp-sitemap-taxonomies-category-1.xml
wp-sitemap-taxonomies-category-1,http://www.intcoframing-us.com/mirror/led-mirror/,/mirror/led-mirror/,2024-06-07T14:48:04+08:00,/mirror/led-mirror,unreviewed,https://www.intcoframing-us.com/wp-sitemap-taxonomies-category-1.xml
wp-sitemap-taxonomies-category-1,http://www.intcoframing-us.com/mirror/standing-mirror/,/mirror/standing-mirror/,2024-02-06T13:18:44+08:00,/mirror/standing-mirror,unreviewed,https://www.intcoframing-us.com/wp-sitemap-taxonomies-category-1.xml
wp-sitemap-taxonomies-category-1,http://www.intcoframing-us.com/mirror/wall-mirror/,/mirror/wall-mirror/,2024-06-12T15:26:14+08:00,/mirror/wall-mirror,unreviewed,https://www.intcoframing-us.com/wp-sitemap-taxonomies-category-1.xml
wp-sitemap-taxonomies-category-1,http://www.intcoframing-us.com/picture-frame/,/picture-frame/,2024-06-13T15:39:37+08:00,/picture-frame,unreviewed,https://www.intcoframing-us.com/wp-sitemap-taxonomies-category-1.xml
wp-sitemap-taxonomies-category-1,https://www.intcoframing-us.com/picture-frame/collage-frame/,/picture-frame/collage-frame/,2024-05-20T11:25:34+08:00,/picture-frame/collage-frame,unreviewed,https://www.intcoframing-us.com/wp-sitemap-taxonomies-category-1.xml
wp-sitemap-taxonomies-category-1,http://www.intcoframing-us.com/picture-frame/document-frame/,/picture-frame/document-frame/,2024-02-04T11:49:20+08:00,/picture-frame/document-frame,unreviewed,https://www.intcoframing-us.com/wp-sitemap-taxonomies-category-1.xml
wp-sitemap-taxonomies-category-1,http://www.intcoframing-us.com/picture-frame/poster-frame/,/picture-frame/poster-frame/,2024-03-30T10:47:22+08:00,/picture-frame/poster-frame,unreviewed,https://www.intcoframing-us.com/wp-sitemap-taxonomies-category-1.xml
wp-sitemap-taxonomies-category-1,http://www.intcoframing-us.com/picture-frame/shadow-box/,/picture-frame/shadow-box/,2024-02-06T10:40:06+08:00,/picture-frame/shadow-box,unreviewed,https://www.intcoframing-us.com/wp-sitemap-taxonomies-category-1.xml
wp-sitemap-taxonomies-category-1,http://www.intcoframing-us.com/picture-frame/tabletop-frame/,/picture-frame/tabletop-frame/,2024-06-13T15:39:37+08:00,/picture-frame/tabletop-frame,unreviewed,https://www.intcoframing-us.com/wp-sitemap-taxonomies-category-1.xml
wp-sitemap-taxonomies-category-1,http://www.intcoframing-us.com/picture-frame/wall-frame/,/picture-frame/wall-frame/,2024-05-21T09:24:15+08:00,/picture-frame/wall-frame,unreviewed,https://www.intcoframing-us.com/wp-sitemap-taxonomies-category-1.xml
wp-sitemap-taxonomies-project_category-1,http://www.intcoframing-us.com/projects/commercial/,/projects/commercial/,2024-02-06T16:07:43+08:00,/projects/commercial,unreviewed,https://www.intcoframing-us.com/wp-sitemap-taxonomies-project_category-1.xml
wp-sitemap-taxonomies-project_category-1,http://www.intcoframing-us.com/projects/residential/,/projects/residential/,2024-02-06T15:59:43+08:00,/projects/residential,unreviewed,https://www.intcoframing-us.com/wp-sitemap-taxonomies-project_category-1.xml
wp-sitemap-users-1,https://www.intcoframing-us.com/author/admin/,/author/admin/,2025-04-23T04:05:09+08:00,/author/admin,unreviewed,https://www.intcoframing-us.com/wp-sitemap-users-1.xml
wp-sitemap-users-1,https://www.intcoframing-us.com/author/chengpin/,/author/chengpin/,2024-09-06T02:22:16+08:00,/author/chengpin,unreviewed,https://www.intcoframing-us.com/wp-sitemap-users-1.xml
wp-sitemap-users-1,https://www.intcoframing-us.com/author/wqq-admin/,/author/wqq-admin/,2025-12-24T07:52:18+08:00,/author/wqq-admin,unreviewed,https://www.intcoframing-us.com/wp-sitemap-users-1.xml
